Handle,Title,Page Title,Meta Description
vasos-compostables-termicos-doble-pared,Vasos compostables térmicos Doble Pared,Vaso Térmico Doble Pared Kraft | Mayoreo México - Xicopack,Vaso térmico de cartón doble pared ultra resistente. Mantiene el calor por más tiempo. Ideal para café y bebidas calientes. ¡Compra al mayoreo!
lunch-box-8x6-beige-liso-paja-trigo-caj,Lunch Box 8x6" beige liso Paja Trigo CAJ,Lunch Box 8x6" de Paja de Trigo Compostable | Xicopack,Contenedor ecológico hecho de fibra de paja de trigo. Resistente a grasa y microondas. Sustituto ideal del plástico para tu restaurante.
deli-rectangular-compostables-pla,Deli rectangular compostables - PLA,Contenedor Deli Rectangular PLA Transparente | Xicopack,Contenedor transparente de PLA (fécula de maíz) para alimentos fríos. 100% compostable y hermético. Ideal para ensaladas y fruta.
deli-redondo-compostable-pla,Deli redondo compostable - PLA,Contenedor Deli Redondo PLA Compostable | Xicopack,Bowl transparente de PLA para ensaladas y postres. Resistente, ecológico y con cierre hermético. La mejor presentación para tu negocio.
tapas-rigidas-premium-vaso-termico,Tapas Rígidas Premium para Vaso Térmico,Tapas Rígidas para Vaso Térmico de Café | Xicopack,Tapas de alta seguridad para vasos de café. Ajuste perfecto y boquilla ergonómica. Disponibles para entrega inmediata en todo México.
vaso-termico-premium-bambu-pla,Vaso Térmico Premium de Bambú + PLA,Vaso Térmico Bambú + PLA Premium | Mayoreo - Xicopack,Vaso biodegradable premium hecho de fibra de bambú y PLA. Resistente al calor y sin sabor a madera. La opción más eco-friendly para cafeterías.
tapas-compostable-vaso-pla,Tapas compostable para vaso - PLA,Tapas de PLA para Vaso de Bebida Fría | Xicopack,Tapas compostables hechas de fécula de maíz. Transparentes y resistentes. El complemento perfecto para tus vasos eco de PLA.
vasos-compostables-transparentes-bebidas,Vasos compostables transparentes para bebidas,Vaso Biodegradable PLA Transparente | Mayoreo - Xicopack,Vasos de cristalina claridad hechos de PLA. Ideales para smoothies, frappés y bebidas frías. 100% compostables. Mayoreo México.
lunch-box-8x6-beige-liso-paja-trigo-pqt,Lunch Box 8x6" beige liso Paja Trigo PQT,Lunch Box 8x6" Paja de Trigo (Paquete) | Xicopack,Contenedor ecológico de paja de trigo en presentación de paquete. Resistente y sustentable. Ideal para pedidos pequeños y muestras.
