Handle,Title,Page Title,Meta Description
vasos-compostables-doble-pared-papel-pla,Vasos compostables térmicos Doble Pared - Papel + PLA,Vasos compostables térmicos Doble Pared | Mayoreo - Xicopack,Compre Vasos compostables térmicos Doble Pared hecho de PLA (Fécula de Maíz). Producto eco-friendly de alta resistencia ideal para restaurantes y HORECA...
lunch-box-8x6-beige-liso-paja-trigo-caja-400-pzas-pt-1,"Lunch Box 8x6"" beige liso Paja Trigo CAJA 400 Pzas. PT*1","Lunch Box 8x6"" beige liso Paja Trigo CAJA 400 | Mayoreo - Xicopack","Compre Lunch Box 8x6"" beige liso Paja Trigo CAJA 400 Pzas. PT*1 hecho de Paja de Trigo. Producto eco-friendly de alta resistencia ideal para restaurante..."
lunch-box-8x6-beige-liso-paja-trigo-pqte-50,"Lunch Box 8x6"" beige liso Paja Trigo PQTE 50","Lunch Box 8x6"" beige liso Paja Trigo PQTE 50 | Mayoreo - Xicopack","Compre Lunch Box 8x6"" beige liso Paja Trigo PQTE 50 hecho de Paja de Trigo. Producto eco-friendly de alta resistencia ideal para restaurantes y HORECA. ..."
tapa-ensaladera-compostable-pla,Tapa Ensaladera compostable - PLA,Tapa Ensaladera compostable | Mayoreo México - Xicopack,Compre Tapa Ensaladera compostable hecho de PLA (Fécula de Maíz). Producto eco-friendly de alta resistencia ideal para restaurantes y HORECA. Envíos a t...
ensaladera-compostable-pla,Ensaladera compostable - PLA,Ensaladera compostable | Mayoreo México - Xicopack,Compre Ensaladera compostable hecho de PLA (Fécula de Maíz). Producto eco-friendly de alta resistencia ideal para restaurantes y HORECA. Envíos a todo M...
tapa-rectangular-compostables-pla,Tapa Deli rectangular compostables - PLA,Tapa Deli rectangular compostables | Mayoreo - Xicopack,Compre Tapa Deli rectangular compostables hecho de PLA (Fécula de Maíz). Producto eco-friendly de alta resistencia ideal para restaurantes y HORECA. Env...
deli-rectangular-compostables-pla,Deli rectangular compostables - PLA,Deli rectangular compostables | Mayoreo México - Xicopack,Compre Deli rectangular compostables hecho de PLA (Fécula de Maíz). Producto eco-friendly de alta resistencia ideal para restaurantes y HORECA. Envíos a...
tapa-deli-redondo-compostables-pla,Tapa Deli redondo compostables - PLA,Tapa Deli redondo compostables | Mayoreo México - Xicopack,Compre Tapa Deli redondo compostables hecho de PLA (Fécula de Maíz). Producto eco-friendly de alta resistencia ideal para restaurantes y HORECA. Envíos ...
deli-redondo-compostables-pla,Deli redondo compostable - PLA,Deli redondo compostable | Mayoreo México - Xicopack,Compre Deli redondo compostable hecho de PLA (Fécula de Maíz). Producto eco-friendly de alta resistencia ideal para restaurantes y HORECA. Envíos a todo...
set-cubiertos-compostables-estuchados-fecula-de-maiz,Set cubiertos compostables estuchados - Fécula de Maíz,Set cubiertos compostables estuchados | Mayoreo - Xicopack,Compre Set cubiertos compostables estuchados hecho de Biodegradable. Producto eco-friendly de alta resistencia ideal para restaurantes y HORECA. Envíos ...
cuchillo-compostables-fecula-de-maiz,Cuchillo compostables - Fécula de Maíz,Cuchillo compostables | Mayoreo México - Xicopack,Compre Cuchillo compostables hecho de Biodegradable. Producto eco-friendly de alta resistencia ideal para restaurantes y HORECA. Envíos a todo México. ¡...
tenedor-compostables-fecula-de-maiz,Tenedor compostables - Fécula de Maíz,Tenedor compostables | Mayoreo México - Xicopack,Compre Tenedor compostables hecho de Biodegradable. Producto eco-friendly de alta resistencia ideal para restaurantes y HORECA. Envíos a todo México. ¡M...
cuchara-compostables-fecula-de-maiz,Cuchara compostables - Fécula de Maíz,Cuchara compostables | Mayoreo México - Xicopack,Compre Cuchara compostables hecho de Biodegradable. Producto eco-friendly de alta resistencia ideal para restaurantes y HORECA. Envíos a todo México. ¡M...
bandeja-rectangular-compostable-fecula-de-maiz,Bandeja rectangular compostable - Fécula de Maíz,Bandeja rectangular compostable | Mayoreo México - Xicopack,Compre Bandeja rectangular compostable hecho de Biodegradable. Producto eco-friendly de alta resistencia ideal para restaurantes y HORECA. Envíos a todo...
tapa-soup-bowl-compostable-fecula-de-maiz,Tapa Soup bowl compostable - Fécula de Maíz,Tapa Soup bowl compostable | Mayoreo México - Xicopack,Compre Tapa Soup bowl compostable hecho de Biodegradable. Producto eco-friendly de alta resistencia ideal para restaurantes y HORECA. Envíos a todo Méxi...
soup-bowl-compostable-fecula-de-maiz,Soup bowl compostable - Fécula de Maíz,Soup bowl compostable | Mayoreo México - Xicopack,Compre Soup bowl compostable hecho de Biodegradable. Producto eco-friendly de alta resistencia ideal para restaurantes y HORECA. Envíos a todo México. ¡...
contenedor-baguette-compostable-fecula-de-maiz,Contenedor baguette compostable - Fécula de Maíz,Contenedor baguette compostable | Mayoreo México - Xicopack,Compre Contenedor baguette compostable hecho de Biodegradable. Producto eco-friendly de alta resistencia ideal para restaurantes y HORECA. Envíos a todo...
plato-compostable-cuadrado-cana-de-azucar,Plato compostable cuadrado - Caña de Azúcar,Plato compostable cuadrado | Mayoreo México - Xicopack,Compre Plato compostable cuadrado hecho de PLA (Fécula de Maíz). Producto eco-friendly de alta resistencia ideal para restaurantes y HORECA. Envíos a to...
popote-estuchado-agave,Bolsa camiseta compostable - Agave,Bolsa camiseta compostable | Mayoreo México - Xicopack,Compre Bolsa camiseta compostable hecho de Fibra de Agave. Producto eco-friendly de alta resistencia ideal para restaurantes y HORECA. Envíos a todo Méx...
tapas-compostables-para-vaso-termico-cana-de-azucar,Tapas Rígidas Premium para Vaso Térmico - Caña de Azúcar,Tapas Rígidas Premium para Vaso Térmico | Mayoreo - Xicopack,Compre Tapas Rígidas Premium para Vaso Térmico hecho de Bagazo de Caña. Producto eco-friendly de alta resistencia ideal para restaurantes y HORECA. Enví...
tapas-para-contenedores-compostables-termicos-papel-pla,Tapa para contenedores compostables térmicos - Papel + PLA,Tapa para contenedores compostables térmicos | Mayoreo - Xicopack,Compre Tapa para contenedores compostables térmicos hecho de PLA (Fécula de Maíz). Producto eco-friendly de alta resistencia ideal para restaurantes y H...
tapa-para-contenedor-compostable-termico-bambu-pla,Tapa para contenedor compostable térmico - Bambú + PLA,Tapa para contenedor compostable térmico | Mayoreo - Xicopack,Compre Tapa para contenedor compostable térmico hecho de PLA (Fécula de Maíz). Producto eco-friendly de alta resistencia ideal para restaurantes y HOREC...
contenedores-compostables-termicos-bambu-pla,Contenedores Térmicos Premium de Bambú + PLA (Alta Resistencia),Contenedores Térmicos Premium de Bambú + PLA  | Mayoreo - Xicopack,Compre Contenedores Térmicos Premium de Bambú + PLA (Alta Resistencia) hecho de PLA (Fécula de Maíz). Producto eco-friendly de alta resistencia ideal pa...
contenedores-compostables-termicos-papel-pla,Contenedores compostables térmicos - Papel + PLA,Contenedores compostables térmicos | Mayoreo - Xicopack,Compre Contenedores compostables térmicos hecho de PLA (Fécula de Maíz). Producto eco-friendly de alta resistencia ideal para restaurantes y HORECA. Env...
vasos-compostables-termicos-bambu-pla,Vaso Térmico Premium de Bambú + PLA (No se aguadan),Vaso Térmico Premium de Bambú + PLA (No se ag | Mayoreo - Xicopack,Compre Vaso Térmico Premium de Bambú + PLA (No se aguadan) hecho de PLA (Fécula de Maíz). Producto eco-friendly de alta resistencia ideal para restauran...
contenedor-baguette-compostable-pla,Contenedor baguette compostable - PLA,Contenedor baguette compostable | Mayoreo México - Xicopack,Compre Contenedor baguette compostable hecho de PLA (Fécula de Maíz). Producto eco-friendly de alta resistencia ideal para restaurantes y HORECA. Envíos...
contenedor-hamburguesero-compostable-6x6-pla,Contenedor Hamburguesero compostable 6x6 - PLA,Contenedor Hamburguesero compostable 6x6 | Mayoreo - Xicopack,Compre Contenedor Hamburguesero compostable 6x6 hecho de PLA (Fécula de Maíz). Producto eco-friendly de alta resistencia ideal para restaurantes y HOREC...
contenedor-hamburguesero-compostable-6x6-fecula-de-maiz,Contenedor Hamburguesero compostable 6x6 - Fécula de Maíz,Contenedor Hamburguesero compostable 6x6 | Mayoreo - Xicopack,Compre Contenedor Hamburguesero compostable 6x6 hecho de Biodegradable. Producto eco-friendly de alta resistencia ideal para restaurantes y HORECA. Enví...
contenedores-compostables-almeja-con-division-fecula-de-maiz,Contenedores compostables Almeja Con División - Fécula de Maíz,Contenedores compostables Almeja Con División | Mayoreo - Xicopack,Compre Contenedores compostables Almeja Con División hecho de Biodegradable. Producto eco-friendly de alta resistencia ideal para restaurantes y HORECA....
contenedores-compostables-almeja-fecula-de-maiz,Contenedores compostables Almeja Sin División - Fécula de Maíz,Contenedores compostables Almeja Sin División | Mayoreo - Xicopack,Compre Contenedores compostables Almeja Sin División hecho de Biodegradable. Producto eco-friendly de alta resistencia ideal para restaurantes y HORECA....
copia-de-contenedor-hamburguesero-compostable-6x6-cana-de-azucar,Contenedor Hamburguesero compostable 6x6 - Bagazo de Trigo,Contenedor Hamburguesero compostable 6x6 | Mayoreo - Xicopack,Compre Contenedor Hamburguesero compostable 6x6 hecho de Bagazo de Caña. Producto eco-friendly de alta resistencia ideal para restaurantes y HORECA. Env...
contenedores-compostables-almeja-bagazo-de-trigo,Contenedores compostables Almeja - Bagazo de Trigo,Contenedores compostables Almeja | Mayoreo México - Xicopack,Compre Contenedores compostables Almeja hecho de Bagazo de Caña. Producto eco-friendly de alta resistencia ideal para restaurantes y HORECA. Envíos a to...
contenedores-compostables-almeja-cana-de-azucar,Contenedores compostables Almeja - Caña de Azúcar,Contenedores compostables Almeja | Mayoreo México - Xicopack,Compre Contenedores compostables Almeja hecho de Bagazo de Caña. Producto eco-friendly de alta resistencia ideal para restaurantes y HORECA. Envíos a to...
contenedor-hamburguesero-compostable-6x6-cana-de-azucar,"Hamburguesero 6x6"" blanco Caña Azúcar","Hamburguesero 6x6"" blanco Caña Azúcar | Mayoreo - Xicopack","Compre Hamburguesero 6x6"" blanco Caña Azúcar hecho de Bagazo de Caña. Producto eco-friendly de alta resistencia ideal para restaurantes y HORECA. Envíos..."
tapa-copa-souffle-pla,Tapa Copa soufflé - PLA,Tapa Copa soufflé | Mayoreo México - Xicopack,Compre Tapa Copa soufflé hecho de PLA (Fécula de Maíz). Producto eco-friendly de alta resistencia ideal para restaurantes y HORECA. Envíos a todo México...
copa-souffle-pla,Copa soufflé - PLA,Copa soufflé | Mayoreo México - Xicopack,Compre Copa soufflé hecho de PLA (Fécula de Maíz). Producto eco-friendly de alta resistencia ideal para restaurantes y HORECA. Envíos a todo México. ¡Ma...
tapa-copa-souffle-fecula-de-maiz,Tapa Copa soufflé - Fécula de Maíz,Tapa Copa soufflé | Mayoreo México - Xicopack,Compre Tapa Copa soufflé hecho de Biodegradable. Producto eco-friendly de alta resistencia ideal para restaurantes y HORECA. Envíos a todo México. ¡Mayo...
copa-souffle-fecula-de-maiz,Copa soufflé - Fécula de Maíz,Copa soufflé | Mayoreo México - Xicopack,Compre Copa soufflé hecho de Biodegradable. Producto eco-friendly de alta resistencia ideal para restaurantes y HORECA. Envíos a todo México. ¡Mayoreo a...
tapa-para-copa-souffle-bagazo-de-trigo,Tapa Copa soufflé - Bagazo de trigo,Tapa Copa soufflé | Mayoreo México - Xicopack,Compre Tapa Copa soufflé hecho de Bagazo de Caña. Producto eco-friendly de alta resistencia ideal para restaurantes y HORECA. Envíos a todo México. ¡May...
copa-souffle-bagazo-de-trigo,Copa soufflé - Bagazo de trigo,Copa soufflé | Mayoreo México - Xicopack,Compre Copa soufflé hecho de Bagazo de Caña. Producto eco-friendly de alta resistencia ideal para restaurantes y HORECA. Envíos a todo México. ¡Mayoreo ...
tapa-copa-souffle-cana-de-azucar,Tapa Copa soufflé - Caña de Azúcar,Tapa Copa soufflé | Mayoreo México - Xicopack,Compre Tapa Copa soufflé hecho de Bagazo de Caña. Producto eco-friendly de alta resistencia ideal para restaurantes y HORECA. Envíos a todo México. ¡May...
copa-souffle-cana-de-azucar,Copa soufflé - Caña de Azúcar,Copa soufflé | Mayoreo México - Xicopack,Compre Copa soufflé hecho de Bagazo de Caña. Producto eco-friendly de alta resistencia ideal para restaurantes y HORECA. Envíos a todo México. ¡Mayoreo ...
tapas-compostables-para-vaso-termico-pla,Tapas compostables para vaso térmico - PLA,Tapas compostables para vaso térmico | Mayoreo - Xicopack,Compre Tapas compostables para vaso térmico hecho de PLA (Fécula de Maíz). Producto eco-friendly de alta resistencia ideal para restaurantes y HORECA. E...
vaso-termico-compostable-papel-pla,Vasos compostables térmicos - Papel + PLA,Vasos compostables térmicos | Mayoreo México - Xicopack,Compre Vasos compostables térmicos hecho de PLA (Fécula de Maíz). Producto eco-friendly de alta resistencia ideal para restaurantes y HORECA. Envíos a t...
tapa-compostable-para-vaso-pla,Tapas compostable para vaso - PLA,Tapas compostable para vaso | Mayoreo México - Xicopack,Compre Tapas compostable para vaso hecho de PLA (Fécula de Maíz). Producto eco-friendly de alta resistencia ideal para restaurantes y HORECA. Envíos a t...
paquete-de-vasos-transparente-para-bebida-fria-transparente-pla-50-piezas-9-oz-266-ml,Vasos compostables transparentes para bebida fría - PLA,Vasos compostables transparentes para bebida  | Mayoreo - Xicopack,Compre Vasos compostables transparentes para bebida fría hecho de PLA (Fécula de Maíz). Producto eco-friendly de alta resistencia ideal para restaurante...
